Speed,Time To Collision,Obs Width,Obs Gap,Player Mode,Obs Above Ground,Action,Q Value
20,999,0,0,2,0,duck_off,-0.010017039363745886
20,999,0,0,2,0,duck_on,-0.10639623652425137
20,999,0,0,2,0,jump,-0.1215934212114062
20,999,0,0,2,0,do_nothing,-0.03322202621442844
20,999,0,0,1,0,do_nothing,-0.07153917075905357
20,999,0,0,1,0,duck_off,-0.04925105808975151
20,999,0,0,-1,0,duck_off,-0.0003607552337010815
20,999,0,0,-1,0,do_nothing,-0.08380786211346547
20,999,0,0,-1,0,duck_on,-0.08193615196449378
20,999,0,0,-1,0,jump,-0.09251884265364817
20,50,5,3,2,0,duck_off,-2.4417555346080952
20,50,5,3,2,0,do_nothing,-2.446841323559333
20,50,5,3,2,0,jump,-0.4890973792393638
20,46,5,3,2,0,duck_on,-0.0020000000000000005
20,37,5,3,1,0,do_nothing,-0.020000000000000004
21,27,5,3,-1,0,do_nothing,-0.2
21,18,5,3,-1,0,duck_off,-2
20,999,0,0,1,0,jump,-0.0901442898470294
20,999,0,0,1,0,duck_on,-0.09711884731563558
20,50,3,2,-1,0,do_nothing,-2.64958301738
20,50,3,2,-1,0,duck_off,-4.004791277199133
20,50,3,2,2,0,duck_off,-2.4464909696213843
20,50,3,2,2,0,do_nothing,-2.3502746667819414
20,48,3,2,2,0,jump,-2.0101290405344936
20,39,3,2,2,0,jump,-1.9243437927708458
20,30,3,2,2,0,duck_off,-1.7793668360000001
20,20,3,2,1,0,duck_off,-0.06695000000000001
20,11,3,2,1,0,do_nothing,-2
20,50,3,1,2,0,jump,-0.17622740150500005
20,50,3,1,1,0,duck_off,-0.018000000000000002
20,50,3,1,2,0,do_nothing,-0.23589965000165042
20,48,3,1,2,0,do_nothing,-0.199667
20,39,3,1,2,0,duck_off,-0.17777800000000002
20,30,3,1,2,0,duck_on,0.7096259998
20,21,3,1,-1,0,jump,-0.2
20,11,3,1,-1,0,jump,-2
20,50,6,3,2,0,jump,-0.2734542755837043
20,50,6,3,2,0,do_nothing,-2.386146083027534
20,50,6,3,2,0,duck_off,-0.3684337997379661
20,50,6,3,1,0,do_nothing,-0.5621458
20,46,6,3,1,0,duck_on,-5.421458000000001
20,37,6,3,-1,0,duck_on,-0.020000000000000004
20,27,6,3,-1,0,jump,-0.2
20,18,6,3,-1,0,duck_on,-2
20,50,5,3,2,0,duck_on,-0.6100797009150204
20,50,5,3,-1,0,do_nothing,-2.57561286073598
20,50,5,3,-1,0,duck_off,-2.4200249414351154
20,47,5,3,2,0,do_nothing,-2.19925069469102
20,38,5,3,2,0,duck_off,-0.19252795618120433
20,29,5,3,2,0,jump,-1.9232664040760066
20,19,5,3,2,0,duck_on,-2.00927
20,10,5,3,1,0,duck_on,-3.8
20,50,5,2,1,0,do_nothing,-1.2713041757646368
20,50,5,2,2,0,duck_on,-2.3713747808954504
20,50,5,2,-1,0,duck_on,-2.71940784943322
20,47,5,2,-1,0,duck_off,-5.42
20,38,5,2,2,0,duck_off,0.49587748829999995
20,29,5,2,2,0,jump,0.10562421816001288
20,19,5,2,2,0,duck_off,-1.8781812199999997
20,10,5,2,2,0,duck_on,-0.0020000000000000005
20,0,5,2,1,0,duck_off,-0.23420000000000002
20,29,5,2,2,0,duck_on,-1.0168380680000002
21,20,5,2,-1,0,duck_on,-2
20,50,6,3,2,0,duck_on,-0.37290033795700217
20,50,6,3,-1,0,do_nothing,-0.31071278
20,50,6,3,-1,0,duck_on,-0.28340721020000004
20,46,6,3,-1,0,duck_on,-2.0018000000000002
20,37,6,3,-1,0,jump,-0.020000000000000004
20,27,6,3,-1,0,do_nothing,-0.2
20,18,6,3,-1,0,do_nothing,-2
20,50,3,2,2,0,duck_on,-0.5121549554891375
20,50,3,2,-1,0,jump,-2.653673688938
20,49,3,2,-1,0,duck_on,-2.0001800000000003
20,39,3,2,-1,0,jump,-2.0018000000000002
20,30,3,2,-1,0,do_nothing,-0.21800000000000003
20,21,3,2,-1,0,jump,-0.2
20,11,3,2,-1,0,jump,-1.5
20,50,6,3,-1,0,duck_off,-2.15341072150655
20,46,6,3,2,0,duck_off,-2.01962
20,37,6,3,2,0,duck_off,0.037200998210256256
20,27,6,3,2,0,duck_off,0.9508080999999999
20,18,6,3,2,0,jump,-2
20,47,5,3,2,0,duck_on,-2.20015118
20,38,5,3,-1,0,duck_off,-2.0180000000000002
20,29,5,3,2,0,do_nothing,-0.38
20,19,5,3,2,0,jump,-1.525
20,50,3,2,1,0,duck_off,-0.38144340403895005
20,50,3,2,2,0,jump,-2.2131354791295847
20,48,3,2,1,0,jump,-0.0020000000000000005
20,39,3,2,1,0,jump,0
20,30,3,2,2,0,do_nothing,-2.0180000000000002
20,20,3,2,2,0,do_nothing,0
20,11,3,2,1,0,duck_off,3.23250965750193
20,1,3,2,1,0,do_nothing,-0.021800000000000007
20,30,3,1,2,0,duck_off,-0.020000000000000004
21,20,3,1,2,0,do_nothing,-0.2
21,10,3,1,2,0,do_nothing,-2
20,50,10,4,2,0,do_nothing,-2.155516026716121
20,50,10,4,2,0,duck_on,-0.7147186078968537
20,50,10,4,-1,0,do_nothing,-4.383866555642
20,50,10,4,-1,0,jump,-2.6840226363537996
20,43,10,4,-1,0,jump,-3.8
20,34,10,4,-1,0,duck_off,-2.0000018
20,25,10,4,2,0,jump,-1.7635891122756524
20,15,10,4,2,0,jump,-0.00022200000000000008
20,6,10,4,2,0,jump,-0.0022220000000000005
20,-4,10,4,1,0,duck_off,-0.022220000000000004
20,50,5,2,1,0,jump,-1.2596183002030374
21,50,5,2,2,0,do_nothing,-0.05097620000000001
21,50,5,2,1,0,duck_off,-0.00020000000000000006
21,41,5,2,1,0,do_nothing,-0.0020000000000000005
21,32,5,2,2,0,duck_off,-0.020000000000000004
21,22,5,2,2,0,duck_off,-2.18
21,13,5,2,2,0,duck_on,-2
20,46,6,3,2,0,duck_on,-2.01962
20,37,6,3,-1,0,duck_off,-0.21800000000000003
20,27,6,3,2,0,do_nothing,-2.18
20,18,6,3,2,0,do_nothing,-1.75
20,47,5,3,2,0,duck_off,-3.8201511800000003
20,38,5,3,2,0,duck_on,0.24924774682685583
20,29,5,3,-1,0,duck_off,-2.18
20,19,5,3,2,0,do_nothing,-2
20,50,5,2,1,0,duck_on,-3.082278625510813
20,50,5,2,-1,0,duck_off,-2.4419913149645174
20,50,5,2,2,0,jump,-0.415309669889143
20,47,5,2,2,0,do_nothing,-2.975052296762235
20,38,5,2,2,0,duck_on,-0.23420000000000002
20,29,5,2,1,0,duck_on,-0.2
20,19,5,2,-1,0,duck_off,-3.8
20,46,6,3,2,0,do_nothing,-2.021078
20,37,6,3,2,0,do_nothing,-0.21800000000000003
20,18,6,3,2,0,duck_on,-2
20,47,5,3,2,0,jump,-5.393953458785853
20,38,5,3,2,0,do_nothing,-1.81763673144788
20,29,5,3,2,0,duck_off,-1.9766716022
20,19,5,3,1,0,duck_on,-2.18
20,10,5,3,1,0,duck_off,-3.8
20,46,6,3,2,0,jump,-1.9934649233063912
20,37,6,3,2,0,jump,-1.8652844077901787
20,27,6,3,2,0,jump,-1.2612
20,18,6,3,1,0,duck_on,-0.2
20,8,6,3,1,0,duck_off,-0.6719545495049998
20,50,5,2,2,0,do_nothing,-2.1813468212903113
20,50,5,2,2,0,duck_off,-1.937200915010272
20,47,5,2,2,0,jump,-3.923540456330696
20,38,5,2,2,0,jump,-1.5365769615948013
20,29,5,2,2,0,do_nothing,5.106727406739603
20,19,5,2,1,0,duck_off,-0.2
20,10,5,2,1,0,duck_off,-2
20,48,3,2,2,0,duck_off,-2.156116550021495
20,20,3,2,2,0,duck_off,0
20,11,3,2,1,0,jump,0.49782000000000015
20,1,3,2,1,0,duck_on,-0.021800000000000007
20,30,5,2,-1,0,do_nothing,-0.020000000000000004
21,21,5,2,-1,0,duck_off,-0.2
21,11,5,2,2,0,do_nothing,-2
20,37,6,3,2,0,duck_on,-0.21800000000000003
20,28,6,3,1,0,duck_off,-0.2
20,18,6,3,2,0,duck_off,-2
20,47,5,2,2,0,duck_off,-5.228017929845283
20,29,5,2,2,0,duck_off,-1.696042823133112
20,19,5,2,2,0,jump,-1.2502
20,50,6,4,2,0,duck_on,-2.080214678
20,50,6,4,-1,0,duck_on,-0.022000000000000006
20,50,6,4,-1,0,jump,-0.018200000000000004
20,46,6,4,-1,0,duck_off,-0.0020000000000000005
20,37,6,4,2,0,duck_on,-0.020000000000000004
20,27,6,4,-1,0,duck_off,-0.2
20,18,6,4,2,0,do_nothing,-2
20,47,5,2,2,0,duck_on,-4.378173692420001
20,38,5,2,-1,0,do_nothing,-2.1962
20,29,5,2,-1,0,do_nothing,-0.2
20,50,3,1,2,0,duck_off,-0.23477220011311456
20,50,3,1,2,0,duck_on,-0.134035704548385
20,50,3,1,-1,0,do_nothing,-2
20,48,3,1,-1,0,duck_off,0
20,39,3,1,2,0,jump,0.11383553
20,30,3,1,2,0,do_nothing,-2.0141120000000003
20,20,3,1,2,0,jump,-0.00020000000000000006
20,11,3,1,1,0,duck_off,-0.0020000000000000005
20,1,3,1,1,0,do_nothing,-0.020000000000000004
20,21,5,2,2,0,do_nothing,-0.2
21,12,5,2,2,0,duck_on,-2
20,50,3,2,1,0,duck_on,-0.23834580162000002
20,39,3,2,-1,0,do_nothing,-2.0180000000000002
20,21,3,2,-1,0,do_nothing,-2
20,50,5,2,1,0,duck_off,-2.88090123951205
20,47,5,2,1,0,duck_off,-8.835116239571008
20,38,5,2,2,0,do_nothing,-0.18184119054458947
20,19,5,2,2,0,do_nothing,-0.9882827911675383
20,10,5,2,2,0,duck_off,-0.00020000000000000006
20,36,5,3,1,0,do_nothing,-0.020000000000000004
21,26,5,3,2,0,duck_on,-0.2
21,16,5,3,-1,0,do_nothing,-2
20,50,10,4,2,0,duck_off,-2.514926518263507
20,50,10,4,2,0,jump,-4.02715701899103
20,43,10,4,2,0,duck_off,-2.2120922
20,34,10,4,1,0,do_nothing,-0.020000000000000004
20,25,10,4,1,0,duck_on,-3.266300021078
20,15,10,4,-1,0,do_nothing,-2
20,38,5,3,2,0,jump,-1.9415300909418363
20,29,5,3,2,0,duck_on,2.492460623560655
20,50,10,3,2,0,do_nothing,-0.024339325862000005
20,50,10,3,2,0,duck_on,-2.03942
20,50,10,3,-1,0,jump,-0.018200000000000004
20,43,10,3,-1,0,jump,-0.0020000000000000005
20,34,10,3,-1,0,duck_on,-0.020000000000000004
20,25,10,3,-1,0,duck_on,-0.2
20,15,10,3,-1,0,duck_on,-2
20,19,5,2,2,0,duck_on,2.59419920993
20,10,5,2,1,0,do_nothing,3.3546173200203784
20,49,3,1,2,0,duck_off,-0.019878050000000005
20,40,3,1,2,0,jump,0.0005000000000000001
20,21,3,1,2,0,duck_on,0.165072
20,11,3,1,1,0,do_nothing,-1.568
20,2,3,1,-1,0,duck_off,-0.2
20,20,5,2,2,0,duck_off,-2
20,43,10,4,2,0,jump,-3.8190019956670183
20,34,10,4,2,0,duck_off,-1.8871572153022447
20,25,10,4,2,0,duck_off,-1.87897845962
20,15,10,4,1,0,do_nothing,0.37000000000000005
20,5,10,4,1,0,duck_off,-2
20,19,5,3,1,0,jump,-1.4120000000000001
20,10,5,3,1,0,do_nothing,-3.8
20,19,5,2,1,0,do_nothing,0.37005000000000005
20,10,5,2,1,0,jump,-0.7079999999999999
20,48,3,1,2,0,jump,-2.0001800000000003
20,20,3,1,1,0,duck_on,-0.2
20,49,3,2,2,0,duck_off,-2.0001800000000003
20,39,3,2,2,0,duck_off,-0.14645666102403612
20,21,3,2,2,0,jump,-0.2
20,11,3,2,2,0,duck_on,-2
20,29,5,2,1,0,do_nothing,-0.2
20,19,5,2,-1,0,jump,-2
20,10,5,2,2,0,jump,3.230333818302
20,0,5,2,1,0,duck_on,-0.038000000000000006
20,31,5,2,1,0,duck_on,-0.2
21,21,5,2,-1,0,jump,-2
20,47,5,2,-1,0,duck_on,-5.421458000000001
20,38,5,2,-1,0,jump,-2.0180000000000002
20,29,5,2,-1,0,jump,0.8912505479999999
20,19,5,2,-1,0,do_nothing,-2
20,50,5,3,-1,0,jump,-2.5403858415702203
20,47,5,3,-1,0,duck_on,-3.963458
20,38,5,3,-1,0,do_nothing,-2.0180000000000002
20,29,5,3,-1,0,duck_on,-2.18
20,19,5,3,-1,0,duck_on,2.5843635360800006
20,50,3,1,-1,0,duck_off,-2.183239176953168
20,39,3,1,2,0,do_nothing,-2.178607205
20,30,3,1,2,0,jump,-1.22996340608
20,11,3,1,1,0,duck_on,1.639848
20,1,3,1,-1,0,do_nothing,-0.2
20,21,5,3,-1,0,duck_off,-2
20,19,5,3,1,0,duck_off,4.141479238260029
20,10,5,3,1,0,jump,2.8003092776922003
20,43,10,4,2,0,do_nothing,-2.210065722836932
20,34,10,4,2,0,duck_on,-0.32663001859031837
20,25,10,4,-1,0,duck_off,-0.2
20,15,10,4,2,0,do_nothing,-1.2500020003799999
20,50,5,3,1,0,jump,-2.3737845458
20,47,5,3,1,0,duck_off,-5.4345176705
20,19,5,3,2,0,duck_off,-1.9550000000000003
20,10,5,3,2,0,duck_off,3.431076546616074
20,0,5,3,1,0,duck_off,-0.0020000000000000005
20,38,6,3,1,0,duck_off,-0.020000000000000004
21,28,6,3,2,0,duck_on,-0.2
21,19,6,3,-1,0,duck_on,-2
20,19,5,2,1,0,jump,0.8830450000000001
20,10,5,2,1,0,duck_on,-2
20,30,6,3,1,0,duck_on,-0.2
21,20,6,3,-1,0,duck_on,-2
20,0,5,2,1,0,jump,-0.007152733
20,27,5,3,1,0,do_nothing,-0.2
21,18,5,3,2,0,duck_on,-2
20,48,3,2,2,0,duck_on,-0.2018
20,39,3,2,-1,0,duck_on,-0.020000000000000004
20,30,3,2,-1,0,duck_on,-0.2
20,21,3,2,-1,0,duck_off,-2
20,38,5,3,-1,0,jump,-0.21800000000000003
20,29,5,3,-1,0,do_nothing,-2.18
20,19,5,3,-1,0,do_nothing,-3.8
20,50,5,3,-1,0,duck_on,-0.6901029788997076
20,19,5,3,1,0,do_nothing,-1.171
20,0,5,2,1,0,do_nothing,-0.06878000000000002
20,32,5,3,1,0,duck_off,-0.2
21,22,5,3,2,0,duck_on,-2
20,48,3,2,2,0,do_nothing,-0.2018
20,39,3,2,2,0,duck_on,0.03730000000000001
20,30,3,2,-1,0,duck_off,-0.2
20,21,3,2,2,0,duck_on,-2
20,43,10,4,2,0,duck_on,-3.9778922000000003
20,34,10,4,-1,0,do_nothing,-0.020000000000000004
20,25,10,4,-1,0,do_nothing,-0.2
20,15,10,4,-1,0,duck_on,-2
20,50,5,3,1,0,duck_off,-0.7079628383141388
20,50,5,3,1,0,do_nothing,-0.4372710402042733
20,50,6,2,2,0,duck_off,-2.359715325221164
20,46,6,2,2,0,duck_off,-0.0020000000000000005
20,37,6,2,2,0,duck_on,-0.21800000000000003
20,27,6,2,-1,0,jump,-0.2
20,18,6,2,-1,0,duck_on,-2
20,42,10,4,2,0,duck_on,0.000050000000000000016
20,33,10,4,-1,0,duck_off,0.0004980000000000001
20,24,10,4,2,0,jump,0.004980000000000002
20,14,10,4,2,0,do_nothing,0.049800000000000004
20,5,10,4,2,0,do_nothing,0.9482
20,-5,10,4,1,0,duck_on,-0.020000000000000004
20,50,6,3,1,0,duck_off,-0.5421458
21,46,6,3,2,0,do_nothing,-0.0020000000000000005
21,37,6,3,2,0,duck_off,-0.020000000000000004
21,27,6,3,2,0,do_nothing,-0.2
21,18,6,3,2,0,jump,-2
20,49,3,2,2,0,do_nothing,-2.0179230516200004
20,39,3,2,2,0,do_nothing,-1.8402391733340804
20,30,3,2,2,0,jump,-1.9330865312685503
20,21,3,2,2,0,duck_off,0.16980420000000002
20,11,3,2,2,0,jump,1.698042
20,1,3,2,1,0,jump,-0.020000000000000004
20,27,5,2,1,0,duck_on,-0.2
21,18,5,2,-1,0,duck_on,-3.8
20,50,3,2,-1,0,duck_on,-4.288669519152053
20,30,3,2,2,0,duck_on,2.3292606038272003
20,20,3,2,-1,0,duck_off,-2
20,29,5,3,-1,0,jump,-2.342
20,19,5,3,-1,0,jump,-2
20,50,6,3,-1,0,jump,-2.40643909262882
20,47,6,3,-1,0,duck_off,0.000050000000000000016
20,38,6,3,2,0,jump,0.005950000000000001
20,28,6,3,2,0,duck_off,0.005000000000000001
20,8,6,3,1,0,jump,2.5998614020000006
20,-1,6,3,1,0,jump,-0.00020000000000000006
20,41,10,4,2,0,jump,-0.0020000000000000005
20,31,10,4,2,0,duck_off,-0.020000000000000004
20,22,10,4,1,0,duck_off,-0.2
20,12,10,4,1,0,duck_on,-2
20,44,5,2,2,0,duck_on,-0.0020000000000000005
20,35,5,2,-1,0,duck_off,-0.020000000000000004
20,25,5,2,2,0,do_nothing,-0.2
20,15,5,2,2,0,do_nothing,-2
20,44,5,2,-1,0,do_nothing,-0.0020000000000000005
20,34,5,2,-1,0,do_nothing,-0.020000000000000004
20,24,5,2,-1,0,jump,-0.2
20,14,5,2,-1,0,do_nothing,-2
20,44,5,3,2,0,duck_off,-0.0020000000000000005
20,34,5,3,2,0,do_nothing,-2.0180000000000002
20,24,5,3,2,0,duck_on,-0.13
20,14,5,3,-1,0,do_nothing,-2
20,45,3,2,2,0,jump,0.008830000000000001
20,35,3,2,2,0,jump,-1.7614
20,25,3,2,2,0,duck_on,0.3698000000000001
20,15,3,2,1,0,do_nothing,-2
20,44,5,2,2,0,jump,0.006764500000000001
20,34,5,2,2,0,duck_off,-0.132
20,24,5,2,2,0,jump,-2
20,14,5,2,1,0,do_nothing,-0.00020000000000000006
20,5,5,2,1,0,duck_on,-0.021800000000000007
20,39,6,3,-1,0,do_nothing,-0.020000000000000004
20,29,6,3,-1,0,jump,-0.2
20,19,6,3,-1,0,jump,-2
20,44,5,2,2,0,duck_off,-0.038000000000000006
20,34,5,2,2,0,duck_on,-0.2
20,24,5,2,-1,0,duck_on,-2
20,50,10,3,2,0,duck_off,-0.230344244642
20,49,10,3,2,0,duck_on,-0.0020000000000000005
20,39,10,3,-1,0,duck_on,-0.020000000000000004
20,30,10,3,-1,0,jump,-0.2
20,20,10,3,-1,0,do_nothing,-2
20,43,5,3,1,0,duck_off,-0.020000000000000004
20,34,5,3,2,0,duck_on,-0.2
20,24,5,3,-1,0,duck_off,-3.8
20,43,6,3,2,0,duck_off,-0.21800000000000003
20,33,6,3,2,0,duck_off,-0.2
20,24,6,3,2,0,duck_on,-2
20,44,5,2,2,0,do_nothing,-0.020000000000000004
20,34,5,2,2,0,do_nothing,-0.2
20,24,5,2,2,0,duck_on,-3.8
20,45,3,2,2,0,do_nothing,-0.2018
20,35,3,2,2,0,do_nothing,0.037000000000000005
20,25,3,2,2,0,duck_off,0.36800000000000005
20,15,3,2,2,0,duck_off,-2
20,42,6,3,2,0,do_nothing,-0.020000000000000004
20,32,6,3,2,0,duck_off,-0.2
20,23,6,3,2,0,jump,-2
20,43,5,3,2,0,duck_off,-0.020000000000000004
20,34,5,3,2,0,duck_off,-0.125
20,24,5,3,2,0,jump,-2
20,50,5,2,-1,0,jump,-2.768899995654402
20,49,10,4,2,0,duck_on,-0.0020000000000000005
20,39,10,4,-1,0,do_nothing,-0.020000000000000004
20,30,10,4,-1,0,duck_on,-0.2
20,20,10,4,-1,0,do_nothing,-2
20,40,10,4,2,0,duck_on,-0.020000000000000004
20,30,10,4,-1,0,jump,-0.2
20,20,10,4,-1,0,duck_off,-2
20,46,3,1,2,0,jump,-0.0020000000000000005
20,36,3,1,2,0,duck_off,-0.020000000000000004
20,26,3,1,2,0,duck_off,-0.2
20,17,3,1,1,0,jump,-2
20,43,5,3,2,0,duck_on,-0.21800000000000003
20,34,5,3,-1,0,do_nothing,-0.2
20,43,5,2,2,0,jump,0.010155
20,34,5,2,2,0,jump,-1.893050345
20,24,5,2,2,0,do_nothing,-2
20,14,5,2,1,0,duck_on,-0.00020000000000000006
20,5,5,2,1,0,jump,-0.0020000000000000005
20,40,5,2,-1,0,do_nothing,-0.020000000000000004
20,31,5,2,-1,0,duck_off,-0.2
20,21,5,2,2,0,duck_on,-2
20,50,6,4,2,0,jump,-0.11050634200000002
20,50,6,4,1,0,do_nothing,-0.022000000000000006
20,50,6,4,-1,0,do_nothing,-0.020180000000000003
20,42,6,4,-1,0,duck_off,-0.020000000000000004
20,32,6,4,2,0,duck_on,-0.2
20,23,6,4,-1,0,duck_off,-2
20,45,5,2,2,0,jump,-0.020000000000000004
20,35,5,2,2,0,duck_on,-0.2
20,25,5,2,1,0,jump,-2
20,44,5,3,2,0,duck_on,-0.020000000000000004
20,34,5,3,-1,0,duck_on,-0.2
20,24,5,3,-1,0,do_nothing,-2
20,48,3,1,2,0,duck_on,-0.2018
20,39,3,1,-1,0,duck_on,-0.020000000000000004
20,30,3,1,-1,0,duck_on,-0.2
20,20,3,1,-1,0,duck_on,-2
20,20,3,2,1,0,jump,-0.2
20,11,3,2,1,0,duck_on,-1.5
20,34,5,3,1,0,duck_on,-0.2
21,24,5,3,-1,0,duck_off,-2
20,50,6,2,2,0,duck_on,-1.9209570862000003
20,50,6,2,1,0,duck_off,-0.23420000000000002
20,50,6,2,2,0,do_nothing,-0.4058647711275515
20,50,6,2,2,0,jump,-2.1206345958105097
20,46,6,2,2,0,duck_on,-0.021800000000000007
20,37,6,2,1,0,do_nothing,-0.020000000000000004
20,27,6,2,-1,0,duck_on,-0.2
20,18,6,2,-1,0,do_nothing,-2
20,38,5,3,-1,0,duck_on,-2.1962
20,19,5,3,-1,0,duck_off,-2
20,20,3,2,1,0,duck_on,1.085388
20,1,3,2,-1,0,do_nothing,-0.020000000000000004
20,32,5,2,-1,0,duck_off,-0.2
21,22,5,2,2,0,jump,-2
20,34,3,2,1,0,do_nothing,-0.2
21,25,3,2,-1,0,do_nothing,-2
20,1,3,2,1,0,duck_off,-0.2
20,23,5,2,1,0,duck_off,-2
20,27,6,3,2,0,duck_on,-0.38
20,18,6,3,1,0,jump,-2
20,34,10,4,2,0,do_nothing,-0.08395796782267058
20,25,10,4,2,0,do_nothing,-1.9914860000000003
20,15,10,4,1,0,duck_off,-1.9551800000000001
20,6,10,4,1,0,duck_off,2.337972039838
20,-4,10,4,2,0,duck_on,-0.020000000000000004
20,50,5,2,-1,0,do_nothing,-2.7012049394420057
21,48,5,2,-1,0,duck_on,-0.0020000000000000005
21,38,5,2,-1,0,jump,-0.020000000000000004
21,29,5,2,-1,0,jump,-0.2
21,19,5,2,-1,0,duck_off,-2
20,48,3,1,2,0,duck_off,-1.9661064005
20,20,3,1,2,0,duck_off,0.0732
20,11,3,1,2,0,jump,1.3992499999999999
20,1,3,1,1,0,jump,-2.18
20,23,5,3,1,0,duck_on,-2
20,1,3,2,2,0,jump,-1.9804815126589683
20,26,5,2,2,0,do_nothing,-1.9955000000000003
21,16,5,2,2,0,jump,0.049800000000000004
21,6,5,2,1,0,duck_off,0.49800000000000005
21,-3,5,2,1,0,duck_off,-0.020000000000000004
21,29,6,3,2,0,duck_on,-0.2
21,20,6,3,-1,0,duck_off,-2
20,48,5,3,2,0,duck_off,-0.0020000000000000005
20,39,5,3,2,0,duck_on,-0.020000000000000004
20,30,5,3,-1,0,duck_on,-0.2
20,21,5,3,-1,0,do_nothing,-2
20,31,5,2,1,0,jump,-0.2
21,22,5,2,-1,0,duck_on,-2
20,1,3,1,-1,0,duck_off,-2.18
20,20,5,2,2,0,jump,-2
20,25,10,4,1,0,do_nothing,-1.4070000398000002
20,0,5,2,-1,0,duck_on,-10.680335054334199
20,25,10,4,-1,0,jump,-2
20,0,5,2,-1,0,jump,-10.46592019796762
20,31,6,3,-1,0,duck_off,-0.2
21,21,6,3,2,0,duck_off,-2
20,29,3,1,1,0,jump,0.004800000000000001
21,19,3,1,2,0,jump,0.5732
21,10,3,1,2,0,jump,0.48
21,0,3,1,1,0,duck_off,-0.2
21,17,6,3,1,0,duck_off,-2
20,38,3,2,1,0,jump,-0.020000000000000004
21,28,3,2,2,0,duck_on,-0.2
21,19,3,2,1,0,do_nothing,-2
20,0,5,3,-1,0,duck_on,-0.39634579999999997
20,44,6,3,-1,0,duck_off,-0.0020000000000000005
21,34,6,3,2,0,jump,-0.020000000000000004
21,25,6,3,2,0,duck_on,-0.2
21,15,6,3,1,0,duck_off,-2
20,50,5,3,1,0,duck_on,-2.3316689294000366
20,0,5,3,1,0,do_nothing,-0.00020000000000000006
20,46,3,2,1,0,duck_off,-0.0020000000000000005
21,36,3,2,2,0,do_nothing,-0.020000000000000004
21,27,3,2,2,0,duck_on,-0.2
21,17,3,2,-1,0,do_nothing,-2
20,0,5,3,-1,0,duck_off,-0.38162
20,44,3,2,2,0,duck_on,-0.020000000000000004
21,34,3,2,-1,0,duck_off,-0.2
21,25,3,2,2,0,do_nothing,-2
20,0,5,3,-1,0,jump,-0.23416355000000003
20,45,5,3,-1,0,duck_off,0.0005500000000000001
21,35,5,3,2,0,jump,-1.941585495545
21,25,5,3,2,0,jump,0.05500000000000001
21,16,5,3,2,0,duck_off,1.04482
21,6,5,3,1,0,duck_on,0.49800000000000005
21,-3,5,3,1,0,jump,-0.020000000000000004
21,37,3,2,-1,0,do_nothing,-0.2
21,27,3,2,-1,0,duck_on,-2
20,38,5,3,1,0,duck_on,-0.21800000000000003
20,29,5,3,1,0,duck_off,-0.2
20,50,10,4,1,0,duck_on,-0.42856922000000003
20,50,10,4,-1,0,duck_on,-4.153515859369259
20,50,10,4,-1,0,duck_off,-3.9659375435121507
20,34,10,4,2,0,jump,-2.093891726655517
20,15,10,4,2,0,duck_on,1.9797231698000002
20,5,10,4,1,0,do_nothing,2.3383691420000003
20,-4,10,4,-1,0,jump,-0.022000000000000006
21,50,5,2,-1,0,do_nothing,-0.0381458
21,47,5,2,-1,0,jump,-0.0020000000000000005
21,37,5,2,-1,0,do_nothing,-0.020000000000000004
21,28,5,2,-1,0,duck_on,-0.2
20,37,6,3,-1,0,do_nothing,-0.2
20,27,6,3,-1,0,duck_on,-2
20,25,10,4,1,0,duck_off,-3.8
20,37,6,3,1,0,duck_on,-0.2
21,27,6,3,-1,0,do_nothing,-2
20,0,5,3,1,0,jump,-0.0020000000000000005
20,38,5,2,1,0,do_nothing,-0.020000000000000004
21,29,5,2,2,0,duck_on,-0.2
21,19,5,2,-1,0,do_nothing,-2
20,25,10,4,1,0,jump,-2.18
20,15,10,4,1,0,jump,-2
20,1,3,1,-1,0,duck_on,0.37300000000000005
20,23,3,2,-1,0,do_nothing,-2
20,29,10,4,2,0,jump,0.0049780000000000015
21,19,10,4,2,0,duck_on,0.049778
21,10,10,4,1,0,duck_on,0.49777800000000005
21,0,10,4,-1,0,do_nothing,-0.022220000000000004
21,50,5,2,-1,0,duck_on,-0.03998
21,50,5,2,-1,0,jump,-0.020000000000000004
21,47,5,2,-1,0,duck_off,-0.0020000000000000005
21,38,5,2,2,0,duck_on,-0.020000000000000004
21,28,5,2,-1,0,do_nothing,-0.2
21,19,5,2,-1,0,duck_on,-2
20,27,5,2,2,0,duck_off,0.05500000000000001
21,17,5,2,2,0,jump,1.04282
21,7,5,2,1,0,jump,0.49800000000000005
21,-2,5,2,1,0,duck_off,-0.020000000000000004
21,36,5,2,2,0,duck_off,-0.2
21,27,5,2,2,0,do_nothing,-2
20,33,10,4,2,0,duck_off,-0.020000000000000004
21,24,10,4,2,0,duck_on,-0.2
21,14,10,4,1,0,jump,-2
20,29,3,2,2,0,duck_off,0.004800000000000001
21,19,3,2,2,0,duck_off,0.048
21,10,3,2,1,0,jump,0.48
21,0,3,2,1,0,duck_off,-0.2
21,23,6,3,2,0,jump,-2
20,49,3,2,2,0,duck_on,-0.019955001800000007
20,39,3,2,-1,0,duck_off,-0.19955000000000003
20,29,6,3,1,0,duck_off,-0.2
21,19,6,3,2,0,do_nothing,-2
20,46,6,2,2,0,jump,-1.9904730500000003
20,37,6,2,2,0,duck_off,0.06085498000000001
20,27,6,2,2,0,duck_off,-1.9955000000000003
20,18,6,2,1,0,do_nothing,0.05000054980000001
20,8,6,2,1,0,duck_off,0.50005
20,-1,6,2,2,0,duck_off,0.0005500000000000001
20,36,5,3,2,0,jump,0.005500000000000001
21,26,5,3,2,0,jump,-1.9505000000000001
21,7,5,3,1,0,duck_on,0.4998
21,-3,5,3,1,0,do_nothing,-0.0020000000000000005
21,39,5,3,-1,0,duck_on,-0.020000000000000004
21,30,5,3,-1,0,duck_on,-0.2
21,20,5,3,-1,0,duck_off,-2
20,37,6,2,-1,0,duck_off,-0.2
20,46,6,3,-1,0,do_nothing,-2.0180000000000002
20,0,5,3,2,0,jump,0.001496654947000001
20,41,5,3,2,0,jump,-0.020000000000000004
21,31,5,3,1,0,jump,-0.2
21,22,5,3,1,0,duck_on,-2
20,29,5,2,-1,0,duck_off,-2
20,21,3,2,1,0,jump,4.046464381344192
20,33,5,2,2,0,duck_on,-0.2
21,23,5,2,1,0,duck_on,-2
20,34,10,4,-1,0,duck_on,-0.2
20,25,10,4,-1,0,duck_on,-2
20,0,5,3,2,0,duck_on,-0.021800000000000007
20,42,3,2,1,0,duck_on,-0.020000000000000004
21,33,3,2,-1,0,jump,-0.2
21,23,3,2,-1,0,duck_off,-2
20,25,10,4,2,0,duck_on,1.3582499632248821
20,14,10,4,1,0,duck_on,-2
20,-4,10,4,2,0,duck_off,-0.0005420000000000002
21,50,5,2,2,0,duck_on,-0.05433
21,50,5,2,-1,0,duck_off,-0.024242798000000006
21,50,5,2,2,0,jump,-0.06958784558000002
21,45,5,2,2,0,do_nothing,-0.0020000000000000005
21,35,5,2,2,0,duck_off,-0.020000000000000004
21,26,5,2,1,0,jump,-0.2
21,16,5,2,1,0,do_nothing,-2
20,27,6,3,-1,0,duck_off,-2
20,18,6,3,1,0,do_nothing,-2
20,0,5,2,-1,0,do_nothing,-10.678107550206278
20,36,5,3,-1,0,jump,-0.2
21,26,5,3,-1,0,do_nothing,-2
20,1,3,2,2,0,duck_off,0.3753
20,-4,10,4,2,0,jump,-0.01605820000000001
21,1,5,3,1,0,do_nothing,-0.022000000000000006
21,50,5,2,1,0,duck_on,-0.020000000000000004
21,50,5,2,2,0,duck_off,-0.04107800000000001
21,46,5,2,2,0,duck_off,-0.020000000000000004
21,36,5,2,2,0,duck_on,-0.2
21,27,5,2,-1,0,duck_off,-3.8
20,43,5,2,2,0,duck_on,-0.020000000000000004
20,33,5,2,-1,0,duck_on,-0.2
20,24,5,2,-1,0,duck_off,-2
20,44,5,3,2,0,jump,0.011260000000000003
20,34,5,3,2,0,jump,-0.1209499450020396
20,15,5,3,1,0,jump,0.4998
20,5,5,3,-1,0,duck_off,-0.0020000000000000005
20,46,3,2,2,0,duck_on,-0.020000000000000004
20,37,3,2,-1,0,duck_off,-0.2
20,27,3,2,2,0,do_nothing,-2
20,45,3,2,2,0,duck_on,-0.020000000000000004
20,35,3,2,-1,0,duck_off,-0.2
20,25,3,2,2,0,jump,-2
20,43,5,2,-1,0,duck_on,-0.020000000000000004
20,33,5,2,-1,0,duck_off,-0.2
20,24,5,2,2,0,duck_off,1.51898628
20,14,5,2,1,0,duck_off,1.0173922000000002
20,5,5,2,1,0,do_nothing,-0.003800000000000001
20,41,6,4,2,0,duck_off,-0.020000000000000004
20,31,6,4,2,0,duck_on,-0.2
20,22,6,4,-1,0,jump,-2
20,42,5,2,2,0,jump,-0.020000000000000004
20,32,5,2,2,0,duck_on,-0.2
20,23,5,2,1,0,jump,-2
20,15,5,2,1,0,duck_off,1.39818
20,5,5,2,1,0,duck_off,-0.020000000000000004
20,31,10,4,2,0,do_nothing,-0.2
20,21,10,4,2,0,jump,-2
20,45,5,3,2,0,duck_off,-0.020000000000000004
20,35,5,3,2,0,duck_on,-0.2
20,25,5,3,-1,0,duck_off,-2
20,49,10,4,2,0,do_nothing,-0.020000000000000004
20,39,10,4,2,0,duck_off,-0.2
20,30,10,4,2,0,jump,-2
20,43,5,3,2,0,jump,-0.012500000000000002
20,24,5,3,1,0,duck_off,-2
20,49,10,4,2,0,duck_off,-0.020000000000000004
20,39,10,4,2,0,duck_on,-0.2
20,30,10,4,-1,0,duck_off,-2
20,40,10,4,2,0,duck_off,-0.020000000000000004
20,30,10,4,2,0,duck_off,-0.2
20,20,10,4,2,0,do_nothing,-2
20,4,5,2,1,0,jump,-0.0020000000000000005
20,40,5,2,2,0,do_nothing,-0.020000000000000004
20,31,5,2,2,0,duck_on,-0.2
20,21,5,2,1,0,duck_off,-2
20,35,5,3,2,0,jump,0.10990500000000003
20,25,5,3,2,0,jump,0.05500000000000001
20,15,5,3,1,0,do_nothing,1.8409622
20,6,5,3,1,0,jump,0.9462000000000002
20,-4,5,3,2,0,do_nothing,-0.020000000000000004
20,37,5,2,2,0,duck_on,-0.2
20,27,5,2,1,0,do_nothing,-2
20,50,10,3,2,0,jump,-0.057732000000000006
20,50,10,3,1,0,jump,0.000050000000000000016
20,40,10,3,1,0,duck_off,0.0005500000000000001
20,30,10,3,2,0,jump,0.00549799983812182
20,21,10,3,2,0,duck_on,0.05498000000000001
20,11,10,3,1,0,duck_off,0.5498000000000001
20,2,10,3,2,0,duck_on,0.49800000000000005
20,-8,10,3,-1,0,duck_on,-0.020000000000000004
20,40,5,2,2,0,jump,0.005950000000000001
21,30,5,2,2,0,duck_off,0.004800000000000001
21,21,5,2,2,0,do_nothing,0.048
21,11,5,2,1,0,do_nothing,0.48
21,2,5,2,1,0,do_nothing,-0.2
21,28,5,2,2,0,do_nothing,-2
20,25,5,2,2,0,jump,0.05500000000000001
20,6,5,2,1,0,duck_off,0.50005
20,-4,5,2,2,0,jump,0.0004979998000000001
20,29,6,3,2,0,duck_off,0.004980000000000002
20,20,6,3,2,0,do_nothing,0.049800000000000004
21,10,6,3,1,0,duck_on,0.49800000000000005
21,0,6,3,1,0,duck_on,-0.020200000000000003
21,43,5,2,2,0,do_nothing,-0.020000000000000004
21,34,5,2,2,0,duck_off,-0.2
21,24,5,2,2,0,jump,-2
20,50,3,2,1,0,jump,-0.2800172262893962
20,50,3,2,1,0,do_nothing,-0.2386552173027
20,46,3,2,2,0,duck_off,-0.020000000000000004
20,36,3,2,2,0,do_nothing,-0.2
20,27,3,2,2,0,jump,-2
20,45,5,2,2,0,duck_on,-0.020000000000000004
20,36,5,2,-1,0,duck_off,-0.2
20,29,3,1,2,0,do_nothing,0.053000000000000005
21,9,3,1,1,0,duck_off,0.30000000000000004
21,0,3,1,1,0,duck_on,-2
20,0,5,3,2,0,do_nothing,-0.003800000000000001
20,40,10,4,2,0,jump,-0.020000000000000004
21,30,10,4,1,0,jump,-0.2
21,20,10,4,1,0,do_nothing,-2
20,0,5,2,-1,0,duck_off,-8.840063906296587
20,31,5,2,2,0,do_nothing,-0.2
20,-4,10,4,-1,0,do_nothing,-0.020000000000000004
21,46,5,2,2,0,jump,-0.0020000000000000005
21,36,5,2,2,0,do_nothing,-0.020000000000000004
21,27,5,2,1,0,duck_on,-0.2
21,17,5,2,1,0,do_nothing,-2
20,1,3,2,2,0,do_nothing,-2.3416355
21,21,3,1,2,0,duck_on,0.048
21,11,3,1,1,0,duck_off,0.48
21,2,3,1,2,0,duck_on,-0.2
21,21,5,2,-1,0,do_nothing,-2
20,48,5,3,2,0,duck_on,-0.020000000000000004
20,40,5,3,-1,0,do_nothing,-0.2
20,31,5,3,-1,0,duck_off,-2
20,9,5,3,1,0,duck_on,0.49800000000000005
20,37,10,4,-1,0,jump,-0.2
21,27,10,4,-1,0,duck_on,-2
20,48,5,2,2,0,duck_on,-0.020000000000000004
20,39,5,2,-1,0,jump,-0.2
20,30,5,2,-1,0,jump,-2
20,18,6,3,1,0,duck_off,3.131518519687805
20,-1,6,3,2,0,duck_on,-0.021800000000000007
21,38,5,3,2,0,duck_on,-0.2
21,28,5,3,-1,0,jump,-2
20,-4,10,4,1,0,do_nothing,-0.00020000000000000006
21,40,5,2,2,0,jump,-0.020000000000000004
21,31,5,2,1,0,duck_off,-0.2
21,21,5,2,1,0,duck_on,-2
20,43,10,3,2,0,duck_off,-0.020000000000000004
20,34,10,3,2,0,duck_on,-0.2
20,25,10,3,-1,0,jump,-2
20,15,10,4,2,0,duck_off,0.5497779998
20,-4,10,4,1,0,duck_on,-0.022220000000000004
21,42,5,2,-1,0,duck_off,-0.020000000000000004
21,32,5,2,2,0,do_nothing,-0.2
21,23,5,2,2,0,duck_on,-2
21,47,6,3,2,0,jump,-0.020000000000000004
21,38,6,3,1,0,jump,-0.2
21,28,6,3,1,0,jump,-2
20,31,10,4,-1,0,duck_off,-2
20,0,5,3,2,0,duck_off,-0.003800000000000001
20,43,6,3,2,0,do_nothing,-0.012450000000000003
21,34,6,3,1,0,jump,-0.2
21,24,6,3,1,0,jump,-2
20,35,5,2,2,0,duck_off,-2.18
21,25,5,2,2,0,duck_off,-2
20,47,5,2,1,0,jump,-10.443391189643846
20,19,5,2,1,0,duck_on,5.287784752772272
21,50,3,2,2,0,jump,-0.0020000000000000005
21,44,3,2,1,0,duck_on,-0.020000000000000004
21,35,3,2,1,0,duck_on,-0.2
21,25,3,2,-1,0,duck_off,-2
20,37,3,2,-1,0,jump,-0.2
21,27,3,2,-1,0,do_nothing,-2
20,47,5,3,1,0,duck_on,-5.43458
20,38,5,3,1,0,do_nothing,-2.18
20,11,3,2,-1,0,duck_off,2.7655862015324497
20,31,5,2,2,0,duck_off,-2
20,36,5,3,-1,0,duck_off,-0.2
20,30,3,2,-1,0,jump,-2
20,37,5,2,-1,0,duck_on,-0.2
20,49,3,2,2,0,jump,-1.9817056305907292
20,28,5,2,2,0,duck_off,-1.9505000000000001
21,19,5,2,2,0,duck_on,0.5498000000000001
21,9,5,2,1,0,do_nothing,0.49800000000000005
21,0,5,2,-1,0,jump,-0.020000000000000004
21,34,6,4,-1,0,duck_on,-0.2
21,24,6,4,-1,0,jump,-2
20,1,3,2,2,0,duck_on,-3.962
20,25,5,2,-1,0,duck_on,-2
20,34,5,3,-1,0,jump,-0.2
21,24,5,3,-1,0,duck_on,-2
20,-4,10,4,-1,0,duck_on,-0.020200000000000003
21,50,10,4,2,0,duck_off,-0.020000000000000004
21,42,10,4,2,0,duck_on,-0.2
21,32,10,4,-1,0,do_nothing,-2
20,29,5,2,1,0,duck_off,-2
20,30,5,2,-1,0,duck_on,-2
20,29,10,4,-1,0,duck_off,-2
20,47,6,3,2,0,duck_off,0.0005500000000000001
20,28,6,3,2,0,do_nothing,0.6891450495
20,19,6,3,2,0,duck_off,0.55
20,9,6,3,1,0,do_nothing,0.9496200000000001
20,0,6,3,1,0,duck_off,-0.0020000000000000005
20,46,5,2,2,0,duck_on,-0.020000000000000004
21,37,5,2,-1,0,duck_off,-0.2
21,27,5,2,2,0,duck_on,-2
20,15,10,4,1,0,duck_on,2.577059195990194
20,-4,10,4,-1,0,duck_off,-0.0016200000000000003
21,50,5,3,2,0,do_nothing,-0.0020000000000000005
21,44,5,3,2,0,duck_off,-0.020000000000000004
21,34,5,3,1,0,do_nothing,-0.2
21,25,5,3,1,0,duck_off,-2
20,50,6,4,2,0,duck_off,-0.23238455969954674
20,46,6,4,2,0,duck_on,-0.020000000000000004
20,37,6,4,-1,0,do_nothing,-0.2
20,27,6,4,-1,0,jump,-2
20,43,6,3,2,0,jump,-0.020000000000000004
21,33,6,3,1,0,duck_off,0.3753
21,24,6,3,1,0,duck_on,-2
20,49,3,1,2,0,do_nothing,-0.019505
20,20,3,1,1,0,jump,0.53
20,10,3,1,-1,0,duck_off,0.30000000000000004
20,1,3,1,2,0,do_nothing,-2
20,-1,6,3,2,0,do_nothing,-0.04000000000000001
20,39,5,3,2,0,jump,-0.2
21,29,5,3,1,0,duck_off,-2
20,28,6,4,2,0,do_nothing,0.10450000000000001
21,18,6,4,2,0,duck_on,0.55
21,9,6,4,1,0,do_nothing,0.5
21,-1,6,4,-1,0,duck_off,0
21,50,5,3,2,0,jump,-0.00020000000000000006
21,49,5,3,2,0,jump,-0.0020000000000000005
21,39,5,3,2,0,jump,-0.020000000000000004
21,30,5,3,1,0,duck_off,-0.2
21,20,5,3,1,0,jump,-2
20,50,6,2,1,0,jump,-0.03970950000000001
20,46,6,2,1,0,jump,-1.999505
20,27,6,2,2,0,duck_on,0.6043000000000001
20,18,6,2,1,0,jump,1.04282
20,8,6,2,-1,0,duck_on,0.7482
20,-1,6,2,-1,0,jump,-0.020000000000000004
20,39,3,1,-1,0,jump,-0.2
21,29,3,1,-1,0,duck_off,-2
21,27,6,2,-1,0,duck_off,-2
20,32,6,3,2,0,duck_on,-3.8
20,43,3,2,2,0,duck_off,-0.020000000000000004
21,33,3,2,1,0,do_nothing,-0.2
21,24,3,2,1,0,duck_on,-2
20,0,5,2,2,0,jump,0.010338000000000003
21,21,3,1,1,0,do_nothing,0.53
21,11,3,1,-1,0,jump,0.30000000000000004
21,2,3,1,-1,0,duck_on,-2
20,39,3,1,1,0,jump,-0.2
20,30,3,1,1,0,jump,-2
20,38,3,1,-1,0,jump,-0.2
21,28,3,1,-1,0,duck_off,-2
20,37,3,2,2,0,duck_off,-1.99505
21,27,3,2,2,0,duck_off,0.05480000000000001
21,18,3,2,1,0,duck_off,0.548
21,8,3,2,1,0,jump,0.48
21,-1,3,2,2,0,duck_on,-0.2
21,27,6,3,1,0,duck_off,-2
20,6,10,4,1,0,jump,0.5
21,41,5,2,2,0,do_nothing,-0.2
21,32,5,2,2,0,duck_on,-2
20,10,5,2,-1,0,do_nothing,2.3567344655199998
20,28,5,2,-1,0,jump,-2
20,39,3,2,1,0,do_nothing,0.37555
20,30,3,2,1,0,do_nothing,-2
20,50,6,4,2,0,do_nothing,-0.24585198427430346
21,50,6,4,2,0,duck_off,0.000050000000000000016
21,42,6,4,2,0,jump,0.0004980000000000001
21,32,6,4,2,0,jump,0.0049780000000000015
21,23,6,4,2,0,do_nothing,0.049780000000000005
21,13,6,4,1,0,jump,0.4978000000000001
21,4,6,4,1,0,duck_on,-0.022200000000000004
21,50,5,3,-1,0,do_nothing,-0.039800000000000016
21,42,5,3,-1,0,duck_off,-0.2
21,32,5,3,2,0,jump,-2
20,46,6,4,2,0,do_nothing,-0.19950500000000002
20,37,6,4,2,0,jump,-1.9950500050147395
20,18,6,4,2,0,jump,0.55
20,8,6,4,1,0,jump,0.5
20,-1,6,4,1,0,do_nothing,5.498000000000002e-7
21,46,5,2,2,0,do_nothing,-0.019505
21,36,5,2,2,0,jump,0.010450000000000001
21,27,5,2,2,0,jump,0.05480000000000001
21,8,5,2,1,0,duck_off,0.9299999999999999
21,-2,5,2,1,0,duck_on,-0.2
21,33,5,2,-1,0,do_nothing,-2
20,-1,6,3,2,0,duck_off,-0.022000000000000006
21,42,5,2,1,0,jump,-0.2
21,33,5,2,1,0,duck_off,-2
20,34,10,4,1,0,duck_off,-0.2
20,27,5,2,-1,0,duck_on,-2
20,38,5,2,-1,0,duck_on,-2.18
20,29,5,2,-1,0,duck_on,-2
20,41,3,2,2,0,jump,-0.020000000000000004
21,31,3,2,1,0,jump,-0.2
21,21,3,2,1,0,duck_off,-2
20,41,6,4,1,0,jump,-0.2
21,31,6,4,-1,0,duck_off,-2
20,10,5,2,-1,0,duck_on,0.30000000000000004
20,2,6,3,2,0,duck_off,0
20,46,5,2,2,0,do_nothing,-0.020000000000000004
20,37,5,2,2,0,do_nothing,-0.2
20,45,6,3,2,0,do_nothing,-0.020000000000000004
20,35,6,3,2,0,duck_on,-0.2
20,25,6,3,-1,0,jump,-2
20,50,10,4,1,0,duck_off,-0.37892200000000004
20,43,10,4,1,0,duck_on,-3.962
20,34,10,4,-1,0,jump,-2
20,45,3,2,2,0,duck_off,-0.020000000000000004
20,35,3,2,2,0,duck_off,-0.2
20,25,3,2,2,0,do_nothing,-2
20,44,3,2,2,0,duck_off,-0.2
20,50,10,4,1,0,do_nothing,-0.5565800000000001
20,40,10,4,1,0,do_nothing,-0.2
20,31,10,4,2,0,jump,-2
20,40,5,3,-1,0,duck_off,-0.2
20,31,5,3,2,0,do_nothing,-2
20,45,5,2,2,0,do_nothing,-0.2
20,35,5,2,2,0,jump,-2
20,45,3,1,2,0,duck_off,-0.020000000000000004
20,35,3,1,2,0,duck_off,-2.18
20,25,3,1,2,0,duck_off,-2
20,43,5,3,2,0,do_nothing,-0.2
20,33,5,3,-1,0,do_nothing,-2
20,33,5,3,2,0,do_nothing,-1.9059679999999997
20,24,5,3,2,0,do_nothing,1.4903380000000002
20,14,5,3,1,0,duck_on,0.94825
20,4,5,3,1,0,do_nothing,-0.020000000000000004
20,45,3,2,-1,0,duck_on,-0.2
20,36,3,2,-1,0,duck_on,-2
20,44,5,3,1,0,do_nothing,-0.2
20,34,5,3,1,0,duck_off,-2
20,44,3,1,2,0,jump,-0.020000000000000004
20,35,3,1,2,0,duck_on,-0.2
20,25,3,1,1,0,jump,-2
20,50,6,4,-1,0,duck_off,-0.20198000000000002
20,42,6,4,1,0,jump,-0.2
20,32,6,4,1,0,jump,-2
20,48,5,2,2,0,do_nothing,-0.020000000000000004
20,28,5,2,2,0,jump,-2
20,49,10,4,2,0,jump,0.0005500000000000001
20,39,10,4,2,0,jump,0.0054999604064992795
20,30,10,4,2,0,do_nothing,0.10499814436584937
20,20,10,4,1,0,do_nothing,0.5499779604064993
20,10,10,4,1,0,do_nothing,0.499778
20,1,10,4,2,0,do_nothing,-0.0022200000000000006
21,50,5,3,1,0,duck_off,0.000050499800000000014
21,45,5,3,1,0,jump,0.0005500000000000001
21,26,5,3,2,0,duck_off,0.05500000000000001
21,16,5,3,1,0,duck_off,1.0448000000000002
21,7,5,3,1,0,duck_off,0.50005048
21,-3,5,3,2,0,jump,0.0005500000000000001
21,26,5,2,2,0,do_nothing,0.05500000000000001
21,17,5,2,1,0,jump,0.5498000000000001
21,-2,5,2,2,0,jump,-0.020000000000000004
21,34,3,2,2,0,duck_on,-0.2
21,25,3,2,1,0,duck_on,-2
20,45,5,2,2,0,duck_off,-0.2
20,35,5,2,2,0,do_nothing,-2
20,42,6,3,2,0,duck_off,-0.2
20,48,5,2,2,0,jump,-0.020000000000000004
20,28,5,2,1,0,do_nothing,-2
20,43,6,3,2,0,duck_on,-0.2
20,33,6,3,-1,0,do_nothing,-2
20,42,6,3,2,0,jump,0.014953196783431526
20,32,6,3,2,0,do_nothing,0.10448000000000002
20,23,6,3,2,0,duck_on,0.5498000000000001
20,13,6,3,1,0,jump,0.9462000000000002
20,3,6,3,2,0,do_nothing,-0.020000000000000004
20,40,10,4,2,0,do_nothing,-0.2
20,30,10,4,1,0,jump,-2
20,5,5,3,1,0,duck_off,0.0005500000000000001
20,40,10,4,1,0,jump,0.005550000000000001
20,20,10,4,2,0,jump,0.55499799782
21,11,10,4,1,0,jump,0.54997998
21,1,10,4,1,0,do_nothing,0.49979799782
21,-8,10,4,2,0,duck_off,-0.0020200000000000005
21,41,5,2,2,0,jump,0.005500000000000001
21,31,5,2,2,0,duck_on,0.14885
21,21,5,2,1,0,duck_off,1.045095
21,12,5,2,2,0,do_nothing,0.9510449999999999
21,2,5,2,2,0,jump,0.010448197285780001
21,26,10,4,2,0,duck_on,0.05497997951220001
21,16,10,4,1,0,duck_on,0.5497979795122
21,7,10,4,-1,0,duck_on,0.49798000054999997
21,-2,10,4,-1,0,do_nothing,-0.020200000000000003
21,35,5,2,1,0,do_nothing,-0.2
21,25,5,2,1,0,duck_off,-2
20,22,6,3,2,0,duck_on,0.5498000000000001
20,3,6,3,-1,0,duck_on,-0.020200000000000003
20,49,5,3,2,0,duck_on,-0.020000000000000004
20,39,5,3,-1,0,duck_on,-0.2
21,30,5,3,-1,0,jump,-2
20,45,3,1,2,0,do_nothing,-0.2
20,33,6,3,2,0,jump,-2
20,43,5,2,2,0,duck_off,-0.2
20,35,3,2,2,0,duck_on,-2
20,45,5,3,2,0,jump,0.015040500000000004
20,25,5,3,2,0,duck_off,1.0545
20,-4,5,3,2,0,jump,-0.020000000000000004
20,31,10,4,2,0,duck_on,-0.2
20,21,10,4,1,0,do_nothing,-2
20,16,3,2,1,0,do_nothing,0.48
20,6,3,2,1,0,duck_on,-0.2
20,35,5,2,-1,0,do_nothing,-2
20,16,3,2,1,0,duck_on,0.49800000000000005
20,6,3,2,-1,0,jump,-0.020000000000000004
20,37,5,2,-1,0,jump,-0.2
20,27,5,2,-1,0,do_nothing,-2
20,46,3,2,2,0,do_nothing,-0.2
20,36,3,2,2,0,duck_off,-2
20,6,5,3,1,0,do_nothing,0.49800000000000005
20,-4,5,3,2,0,duck_on,-0.020000000000000004
20,39,3,1,-1,0,do_nothing,-0.2
20,30,3,1,-1,0,jump,-2
20,5,5,3,1,0,do_nothing,0.000050000000000000016
20,48,6,2,2,0,duck_off,0.0005500000000000001
20,39,6,2,2,0,jump,0.005500000000000001
20,29,6,2,2,0,duck_on,0.05500000000000001
21,19,6,2,1,0,jump,0.5498000000000001
21,10,6,2,-1,0,jump,0.49800000000000005
21,0,6,2,-1,0,jump,-0.020000000000000004
21,39,5,3,-1,0,jump,-0.2
21,30,5,3,-1,0,duck_off,-2
20,38,5,2,1,0,duck_off,-0.2
20,19,6,3,1,0,jump,0.55
20,0,6,3,2,0,do_nothing,-0.0020000000000000005
21,42,10,4,2,0,duck_off,-0.2
21,32,10,4,2,0,duck_on,-2
20,35,5,3,-1,0,duck_off,-2
20,38,5,3,1,0,jump,-0.2
20,29,5,3,1,0,duck_on,-2
20,32,5,2,-1,0,duck_on,-2
20,48,5,2,2,0,duck_off,0.0005494330682000001
20,20,5,2,2,0,duck_on,0.53
21,26,5,3,1,0,duck_on,0.555
21,7,5,3,2,0,duck_on,0.49800000000000005
21,-3,5,3,-1,0,duck_off,-0.020000000000000004
21,43,3,2,2,0,do_nothing,-0.2
21,34,3,2,2,0,duck_off,-2
21,33,6,3,2,0,jump,0.05550000000000001
21,23,6,3,1,0,duck_off,0.555000064905005
21,14,6,3,1,0,duck_on,0.5498000000000001
21,4,6,3,-1,0,jump,0.49800000000000005
21,-5,6,3,-1,0,do_nothing,-0.020000000000000004
21,45,5,3,-1,0,duck_off,-0.2
20,32,5,2,2,0,jump,0.10430000000000002
21,22,5,2,2,0,duck_on,1.0430000000000001
21,13,5,2,1,0,duck_off,0.50005
21,3,5,2,2,0,jump,0.0005500000000000001
21,36,5,3,2,0,do_nothing,0.005500000000000001
21,27,5,3,2,0,duck_on,0.05480000000000001
21,17,5,3,1,0,jump,0.548
21,8,5,3,-1,0,jump,0.48
21,-1,5,3,-1,0,jump,-0.2
21,36,6,2,-1,0,do_nothing,-2
20,47,5,3,-1,0,do_nothing,-3.8162000000000003
20,37,6,3,1,0,jump,-0.2
20,27,6,3,1,0,duck_on,-2
20,38,3,2,-1,0,duck_off,-2
20,-1,6,3,2,0,jump,-0.037554495546622456
21,31,5,3,2,0,duck_on,0.05500000000000001
21,21,5,3,1,0,do_nothing,0.5498000000000001
21,12,5,3,-1,0,do_nothing,0.49800000000000005
21,2,5,3,-1,0,duck_on,-0.020000000000000004
21,46,3,2,-1,0,duck_off,-0.2
21,36,3,2,2,0,duck_on,-2
20,49,3,1,2,0,jump,-1.9901086625
20,21,3,1,1,0,duck_off,1.8648655
20,11,3,1,2,0,duck_on,0.30000000000000004
20,1,3,1,-1,0,jump,-2
20,29,5,3,1,0,do_nothing,-1.9505000000000001
20,44,3,2,2,0,jump,0.005500000000000001
21,34,3,2,2,0,do_nothing,0.05500000000000001
21,25,3,2,1,0,duck_off,0.55005
21,15,3,2,1,0,jump,0.5005499999999999
21,6,3,2,2,0,jump,0.005550000000000001
21,35,6,3,2,0,duck_on,0.055498000000000006
21,25,6,3,1,0,do_nothing,0.5549799999999999
21,16,6,3,-1,0,duck_on,0.5498000000000001
21,6,6,3,-1,0,duck_on,0.4978000000000001
21,-3,6,3,-1,0,jump,-0.022000000000000006
21,50,5,3,-1,0,jump,-0.020000000000000004
21,42,5,3,-1,0,jump,-0.2
21,32,5,3,-1,0,duck_off,-2
20,34,10,4,1,0,jump,-0.2
20,1,3,1,2,0,duck_off,0.6043000000000001
20,22,5,3,2,0,duck_off,0.55
21,13,5,3,1,0,do_nothing,0.9298200000000001
21,3,5,3,1,0,duck_off,-0.0020000000000000005
21,47,3,2,2,0,duck_off,-0.020000000000000004
21,38,3,2,2,0,do_nothing,-0.2
21,28,3,2,2,0,jump,-2
20,20,3,2,2,0,duck_on,1.02705050005
20,1,3,2,-1,0,jump,-2
21,13,5,2,1,0,do_nothing,0.48
21,3,5,2,-1,0,do_nothing,-0.2
21,35,5,2,-1,0,duck_off,-2
20,48,3,2,1,0,duck_on,-0.020000000000000004
20,39,3,2,1,0,duck_off,-0.2
20,33,3,2,2,0,do_nothing,0.05480000000000001
21,24,3,2,2,0,jump,0.548
21,14,3,2,1,0,duck_on,0.48
21,5,3,2,1,0,jump,-0.2
21,35,5,3,-1,0,do_nothing,-2
20,34,6,4,-1,0,duck_off,-2
20,38,5,2,-1,0,duck_off,-3.8
21,23,5,3,2,0,do_nothing,0.5498000000000001
21,14,5,3,1,0,jump,0.4978000000000001
21,4,5,3,1,0,duck_on,-0.022000000000000006
21,40,5,2,2,0,duck_on,-0.2
21,31,5,2,-1,0,jump,-2
20,2,3,2,2,0,jump,-2
20,33,5,2,2,0,duck_off,0.6048699999999999
21,23,5,2,2,0,jump,1.04875
21,14,5,2,1,0,duck_off,0.48
21,4,5,2,1,0,duck_off,-0.2
21,31,10,4,2,0,duck_on,-2
20,43,10,3,2,0,duck_on,-0.2
20,34,10,3,-1,0,jump,-2
20,47,5,3,1,0,do_nothing,-3.962
20,38,5,3,1,0,duck_off,-2
20,48,5,2,1,0,duck_on,-0.2
20,39,5,2,1,0,do_nothing,-2
20,6,10,4,-1,0,duck_off,1.7194641402000002
20,-4,10,4,2,0,do_nothing,-0.00036000000000000013
21,47,5,2,2,0,jump,-0.020000000000000004
21,37,5,2,2,0,duck_on,-0.2
21,28,5,2,1,0,duck_off,-2
20,34,10,4,1,0,duck_on,-0.2
20,35,3,2,-1,0,do_nothing,-2
20,39,6,3,2,0,do_nothing,0.005500000000000001
21,29,6,3,2,0,jump,0.05500000000000001
21,20,6,3,1,0,duck_off,0.5498000000000001
21,10,6,3,1,0,jump,0.49800000000000005
21,1,6,3,2,0,duck_off,-0.020000000000000004
21,44,10,4,2,0,duck_on,-0.2
21,35,10,4,1,0,do_nothing,-2
20,49,5,2,2,0,duck_on,-0.2
21,39,5,2,1,0,duck_on,-2
20,15,10,4,-1,0,duck_off,0.55
21,48,5,2,2,0,duck_off,-0.2
21,38,5,2,2,0,jump,-2
20,33,5,2,-1,0,do_nothing,-2
20,41,5,2,2,0,duck_off,0.005500000000000001
21,22,5,2,1,0,do_nothing,0.548
21,12,5,2,-1,0,jump,0.48
21,3,5,2,-1,0,duck_on,-0.2
21,31,10,4,-1,0,jump,-2
20,42,6,4,2,0,duck_off,0.005550000000000001
21,33,6,4,2,0,jump,0.055498000000000006
21,23,6,4,1,0,duck_on,0.5549799999999999
21,14,6,4,1,0,duck_off,0.5498000000000001
21,4,6,4,2,0,jump,0.4978000000000001
21,-5,6,4,2,0,duck_off,-0.022000000000000006
21,50,6,3,2,0,duck_off,-0.020000000000000004
21,40,6,3,1,0,do_nothing,-0.2
21,31,6,3,1,0,jump,-2
21,50,5,3,2,0,duck_on,-0.024000000000000007
21,50,5,3,-1,0,duck_on,-0.04000000000000001
21,50,5,3,-1,0,duck_off,-0.2
21,40,5,3,2,0,duck_on,-2
20,8,6,2,-1,0,jump,0.48
20,-1,6,2,-1,0,do_nothing,-0.2
20,48,5,2,-1,0,duck_off,-0.2
21,39,5,2,2,0,do_nothing,-2
20,46,5,3,2,0,do_nothing,-0.2
21,36,5,3,1,0,duck_on,-2
20,46,6,2,1,0,do_nothing,-0.2
20,37,6,2,1,0,duck_on,-2
20,36,6,4,2,0,duck_off,0.055498000000000006
21,26,6,4,2,0,jump,0.5549799999999999
21,17,6,4,1,0,jump,0.5498000000000001
21,7,6,4,1,0,jump,0.4978000000000001
21,-2,6,4,2,0,duck_on,-0.022000000000000006
21,50,3,2,1,0,do_nothing,-0.020000000000000004
21,47,3,2,-1,0,duck_on,-0.2
21,37,3,2,-1,0,duck_off,-2
20,50,6,3,1,0,jump,-0.59780035065179
20,46,6,3,1,0,duck_off,-3.962
20,34,3,2,-1,0,do_nothing,-2
20,29,5,3,1,0,jump,3.398843215228
20,10,5,3,-1,0,jump,2.76971313
20,0,5,3,-1,0,do_nothing,-0.38
21,44,5,2,2,0,duck_on,-0.2
21,34,5,2,1,0,do_nothing,-2
20,1,3,2,-1,0,duck_off,-2
20,30,3,2,1,0,duck_on,1.0523200000000001
20,33,3,2,-1,0,jump,-2
20,46,3,2,2,0,jump,0.005550000000000001
21,36,3,2,2,0,duck_off,-1.95023
21,27,3,2,1,0,duck_off,0.553
21,17,3,2,1,0,duck_off,0.53
21,8,3,2,2,0,do_nothing,0.30000000000000004
21,-2,3,2,2,0,duck_on,-2
20,46,6,3,1,0,jump,-3.962
20,37,6,3,1,0,duck_off,-2
21,34,6,3,2,0,duck_on,0.05550000000000001
21,24,6,3,1,0,do_nothing,0.555
21,15,6,3,-1,0,duck_on,0.55
21,5,6,3,-1,0,duck_on,0.50005
21,-4,6,3,-1,0,duck_off,0.0005500000000000001
21,45,3,1,2,0,jump,0.005550000000000001
21,36,3,1,2,0,do_nothing,0.05530000000000001
21,26,3,1,2,0,duck_off,0.553
21,17,3,1,1,0,do_nothing,0.53
21,7,3,1,1,0,duck_on,0.30000000000000004
21,-2,3,1,-1,0,duck_off,-2
20,50,10,4,1,0,jump,-0.5553612015570482
21,44,5,2,2,0,duck_off,-0.2
21,34,5,2,2,0,jump,-2
20,46,3,2,-1,0,duck_off,-0.2
20,46,6,4,-1,0,duck_on,-0.2
20,37,6,4,-1,0,duck_on,-2
21,44,5,3,1,0,jump,-0.2
21,35,5,3,1,0,duck_off,-2
20,10,5,2,-1,0,jump,0.48
20,41,3,2,2,0,do_nothing,-2
20,47,5,3,1,0,jump,-5.5658
20,50,6,2,-1,0,duck_off,-0.003800000000000001
20,46,6,2,-1,0,do_nothing,-0.2
20,37,6,2,-1,0,do_nothing,-2
20,45,3,1,-1,0,do_nothing,-0.2
21,35,3,1,-1,0,duck_on,-2
20,10,5,3,-1,0,duck_on,0.912
20,42,6,3,-1,0,jump,-2
20,43,6,3,-1,0,duck_on,-2
20,48,3,2,-1,0,jump,-2.18
20,47,3,2,-1,0,jump,-0.2
21,37,3,2,-1,0,duck_on,-2
20,37,6,2,1,0,jump,0.05530000000000001
20,27,6,2,1,0,duck_on,0.553
20,18,6,2,-1,0,jump,0.53
20,-1,6,2,-1,0,duck_on,-2
20,41,6,4,-1,0,do_nothing,-2
20,38,6,3,2,0,duck_on,-2
20,41,10,4,-1,0,duck_off,-2
20,37,5,3,2,0,duck_off,-2
20,37,5,3,2,0,jump,-2
20,23,5,3,2,0,do_nothing,0.548
21,4,5,3,1,0,do_nothing,-0.2
21,44,5,3,2,0,do_nothing,-2
20,43,10,4,1,0,duck_off,-3.8
20,38,5,2,1,0,duck_on,1.9788631818
20,29,5,2,1,0,jump,2.2645903
20,19,5,2,-1,0,duck_on,2.7905764299999998
20,21,3,2,-1,0,duck_on,1.03255
20,50,6,2,1,0,duck_on,-0.022000000000000006
20,46,6,2,2,0,do_nothing,-2
20,50,6,3,1,0,duck_on,-0.6878000000000001
20,46,6,3,-1,0,jump,-2
20,39,3,1,-1,0,duck_off,-2
20,46,6,4,2,0,duck_off,-2
20,47,5,2,1,0,duck_on,-10.902950191340404
20,43,10,4,-1,0,duck_on,-5.42
20,47,5,2,-1,0,do_nothing,-6.878
20,43,10,3,2,0,jump,-1.995005
20,34,10,3,1,0,jump,0.05549793495881949
20,25,10,3,1,0,duck_off,0.5549799999999999
20,15,10,3,2,0,jump,0.5496000000000001
20,6,10,3,2,0,jump,0.4960000000000001
20,-4,10,3,2,0,do_nothing,-0.04000000000000001
21,44,5,2,1,0,duck_on,-2
20,43,10,4,-1,0,do_nothing,-5.42
20,47,5,3,-1,0,duck_off,-3.8
20,43,10,4,1,0,jump,-3.8
20,47,5,3,-1,0,jump,-3.8
20,43,10,4,-1,0,duck_off,-3.8
20,46,6,4,2,0,jump,-2
20,47,5,2,1,0,do_nothing,-10.434062
20,43,10,4,1,0,do_nothing,-3.8
20,46,6,3,1,0,do_nothing,-5.42
20,46,6,3,-1,0,duck_off,-3.8
20,39,3,1,1,0,duck_off,0.5555510069999999
20,30,3,1,1,0,duck_on,0.55555
20,20,3,1,-1,0,jump,0.55555
20,11,3,1,-1,0,duck_on,0.5553
21,10,5,2,-1,0,jump,0.30000000000000004
21,0,5,2,-1,0,duck_off,-2
20,47,5,2,-1,0,jump,-6.878
20,48,5,2,1,0,duck_off,-2
20,49,3,2,1,0,jump,-3.8
20,49,3,2,-1,0,do_nothing,-2
20,49,3,2,-1,0,duck_off,-2
20,50,6,2,-1,0,jump,-0.25544
20,46,6,2,-1,0,duck_on,-2
20,48,3,2,-1,0,do_nothing,-2
20,50,6,4,1,0,jump,-0.2
20,46,6,4,1,0,duck_on,-2
20,50,10,3,-1,0,duck_on,-0.04000000000000001
20,50,10,3,-1,0,duck_off,-0.2
20,50,6,2,1,0,do_nothing,-0.2
20,48,3,2,-1,0,duck_on,-2
20,50,6,2,-1,0,duck_on,-0.22160000000000002
20,50,6,2,-1,0,do_nothing,-0.04000000000000001
20,46,6,2,-1,0,duck_off,-2
20,45,6,3,1,0,jump,-2
20,44,10,4,1,0,jump,-2
20,48,3,2,-1,0,duck_off,-2
20,49,3,2,1,0,duck_on,-2
20,49,3,2,-1,0,jump,-2
20,50,6,4,1,0,duck_on,-0.04000000000000001
20,50,3,1,1,0,jump,-0.2
20,48,3,1,1,0,jump,-2
20,48,3,2,1,0,do_nothing,-1.9500051800000002
20,28,5,3,2,0,duck_on,0.553
21,19,5,3,-1,0,jump,0.53
21,9,5,3,-1,0,duck_off,0.30000000000000004
21,0,5,3,2,0,do_nothing,-2
20,48,3,2,1,0,duck_off,-2
20,50,3,1,-1,0,jump,-0.24178000000000002
20,50,3,1,-1,0,duck_on,-2.2320200000000003
21,14,5,2,2,0,jump,0.55555
21,4,5,2,2,0,do_nothing,0.5554979999999999
21,31,6,3,1,0,duck_off,0.5549799999999999
21,22,6,3,1,0,duck_off,0.5498500000000001
21,12,6,3,2,0,jump,0.49855000000000005
21,3,6,3,2,0,duck_off,-0.01445
21,50,6,3,2,0,jump,0.05555
21,42,6,3,1,0,do_nothing,0.55555
21,23,6,3,2,0,do_nothing,0.553
21,14,6,3,2,0,do_nothing,0.53
21,4,6,3,2,0,do_nothing,0.30000000000000004
21,-5,6,3,2,0,do_nothing,-2
20,50,3,1,1,0,do_nothing,-0.20378000000000002
20,50,3,1,1,0,duck_on,-0.25780000000000003
20,49,3,1,1,0,jump,-2